wallet,label,group,token_address,opening_tx_hash,closing_tx_hash,open_timestamp,close_timestamp,close_day,holding_duration_seconds,holding_time_bucket,quantity_matched,cost_basis_usd,cost_basis_bucket,proceeds_usd,realized_pnl_usd,outcome,prior_trade_outcome
4gT9rv1xGy3NsDJKpaE1nFvARSXBovRsVQuNEWBT11bN,Axiom 10,Axiom,6LdwhVdpLSMLWs9VfEefUQWmtdk3MXJwcDWe4Dqfpump,DtMWKhh6V5GCQKfQhCfNUcDMY4hwUoXmTCAuTtHd4QycKUbLSggSNgfypkdAdYiFiNeyDiKNFXrXckaS2F87zEj,3RVnFN4ZPQsznr2EQAJAmtgpTbtZk2eZhGNgNxet6H9Rwvkt8GUAt9aEXZD8hVk5qswsveBsD9Tu5Qc6x4dFHJaF,2026-02-09T20:41:08+00:00,2026-02-09T20:43:31+00:00,2026-02-09,143,1m_to_lt_5m,470575.864002,10.70000592640000000000000000,10_to_lt_25_usd,1.776864728450000000000000000,-8.923141197950000000000000000,loss,
4gT9rv1xGy3NsDJKpaE1nFvARSXBovRsVQuNEWBT11bN,Axiom 10,Axiom,24HqqUJLosxXeYGuzVTmiDcFcj554cDQUPJqXC6tpump,38Gy6Z3Aov7Qb8tiweowAWWGP68f9zazSxtZPpJb3NwBabY1AmHEHKPvHRRu9aDUQXfMacaYh79NH14P3NT7qyN7,23qDLUo7G8HYXTEBXV5FyUEpzJVpc4wnvnXvzc2haymYxBfUM4LuLywGmZBwvkEJFiR3xBupginE3x3rSPxs4wGL,2026-02-09T20:52:41+00:00,2026-02-09T20:52:51+00:00,2026-02-09,10,lt_30s,1074912.026834,30.87157985280000000000000000,25_to_lt_100_usd,20.74604416974000000000000000,-10.12553568306000000000000000,loss,loss
4gT9rv1xGy3NsDJKpaE1nFvARSXBovRsVQuNEWBT11bN,Axiom 10,Axiom,3FcbiTV2fgFHrQtPV91hderYtw5gtDthg5gy9MJ1pump,33hWjxkH4bQFXWZAmK8wTmVJ4mhGoakFWYHKmPMr32XvtM62BnQgjdk39qCE7kHXaHCpZdy2iAQup9VXYLbAvstX,5rBimHyCwLDv5JhWJryni9YUqFzCurxbudMgh8xoPAQzNcjdVbFkL7cD12BG1YJSpaC8dHQt7dHqi9oD2FtB2H1W,2026-02-09T21:17:04+00:00,2026-02-09T21:17:38+00:00,2026-02-09,34,30s_to_lt_60s,333436.201045,17.64575370240000000000000000,10_to_lt_25_usd,6.708646890960000000000000000,-10.93710681144000000000000000,loss,loss
4gT9rv1xGy3NsDJKpaE1nFvARSXBovRsVQuNEWBT11bN,Axiom 10,Axiom,Fs3GrN3xc8iC5iCPzGXVv7TJfYSRVq1joamAvq6Cpump,23A8rYCU1NKUHvPV8CncX2C8PVWhUZDurQVH723unDSDmgmKKWZwAjg5skkxqm4r1ZrCrQvMBEwNVH1pjAKEfSKh,5GDXnKwKhtmyhUTk14tjSEVoc24dNrcDb2v8vsxyY8gGsbv59n529zQVQ7Kiyj3fBqft26fZ3DZKun8TkLSx49hF,2026-02-09T21:22:03+00:00,2026-02-09T21:23:00+00:00,2026-02-09,57,30s_to_lt_60s,366076.508834,17.64575370240000000000000000,10_to_lt_25_usd,11.44535644452000000000000000,-6.20039725788000000000000000,loss,loss
4gT9rv1xGy3NsDJKpaE1nFvARSXBovRsVQuNEWBT11bN,Axiom 10,Axiom,HFFh7qj91EVcS5AbBDYeahg7utP4Xgo8tpZjm8vsBAGS,21hL4zZPN2Tz8BpSZPNsW5HSZRwYmHiCNsdYNbYiq7NZ9yZvsRKg76czBDuBsx8Zib41nNorfLVsdRCjGmuiRGf3,UtPPCyR5Yh5mzss1Y4ruFeK27P7QhjhyQXKkQQhDg8cUEQZdmZkVJVbCzPCr1w3W8JXkp8F93MCSviE6Hea9Pge,2026-02-09T21:00:25+00:00,2026-02-09T21:23:18+00:00,2026-02-09,1373,5m_to_lt_1h,608454.885656436,17.73974321280000000000000000,10_to_lt_25_usd,30.76355962084000000000000000,13.02381640804000000000000000,win,loss
4gT9rv1xGy3NsDJKpaE1nFvARSXBovRsVQuNEWBT11bN,Axiom 10,Axiom,2t4EwQVz8f5qzxUBbY4ifDhBCKBKgr6nf2caPG3FRiSE,5YzXDb9UerudSHE5zU2Gr6CqwUXtRRn4xs6RXo7us3XQK2komBy8Pqh5RF3NhFn2kkmtG8ijvKYuS1rhFCBvE7uE,54CV3rLHJuu6aZmDCqBbWWHcKeNkUJxRUNGqYV5nMhapHMECBvCNXqRgdZekLoDc9eAELDb154Ve6wayGoCAztaD,2026-02-09T22:26:35+00:00,2026-02-09T22:28:51+00:00,2026-02-09,136,1m_to_lt_5m,174320.174695,30.66428850240000000000000000,25_to_lt_100_usd,22.66458324906000000000000000,-7.99970525334000000000000000,loss,win
4gT9rv1xGy3NsDJKpaE1nFvARSXBovRsVQuNEWBT11bN,Axiom 10,Axiom,FCSBSnydDwwsfhmN3LjL6oXX1Khki4yVod7v8oT5pump,5GWWSQkf44H8LmYnTso2PVirxp3kFg23fcKF3CqC1yqDPgRy983nBt7NPsrz57PQodo3iZTTy9mTgEaVAqW9b3L6,futy5ZyggDs4u6Ufw9vCAmJWkMyDVVH1jc8zp95fYpx8kRAF8R7PPVLbt7EacjGu6qCyYhFwpcF2ykTfpSzwu6y,2026-02-09T22:42:17+00:00,2026-02-09T22:45:10+00:00,2026-02-09,173,1m_to_lt_5m,692160.121709,17.60936236800000000000000000,10_to_lt_25_usd,14.02573528914000000000000000,-3.58362707886000000000000000,loss,loss
4gT9rv1xGy3NsDJKpaE1nFvARSXBovRsVQuNEWBT11bN,Axiom 10,Axiom,HFHMybtPneaeEMrgyuzNLhrxtUBV3MyUqJBr8sc8pump,5yCgHBrmvS9fWY3Uvf7TUg3VFVB3WgceefryJFFpvNvC4j7Goz1jbPfvysMJMw4FWU3k9WZ43THy5PcnfyUrrXdJ,5QY9zHvxPiucroLKRzr1JnBso5tp1a1rDY8xgPHQbf6o8xtEbvgdLkDwWp1RfQ5sTzxrNMrwJPYsY511iCy87RER,2026-02-09T21:37:23+00:00,2026-02-09T23:07:29+00:00,2026-02-09,5406,1h_to_lt_24h,143194.096934,30.48771010559999999999999999,25_to_lt_100_usd,20.21686453777944715378874331,-10.27084556782055284621125668,loss,loss
4gT9rv1xGy3NsDJKpaE1nFvARSXBovRsVQuNEWBT11bN,Axiom 10,Axiom,HFHMybtPneaeEMrgyuzNLhrxtUBV3MyUqJBr8sc8pump,59XCgcXbBox4g9SrtaopPx5nLEPunmocwkctLCVCUZQ1H7oach8KVM9pWDwyCEaNQC4JuXpnqd3fmo1XLougknqe,5QY9zHvxPiucroLKRzr1JnBso5tp1a1rDY8xgPHQbf6o8xtEbvgdLkDwWp1RfQ5sTzxrNMrwJPYsY511iCy87RER,2026-02-09T21:41:07+00:00,2026-02-09T23:07:29+00:00,2026-02-09,5182,1h_to_lt_24h,58605.820201,17.35267200000000000000000000,10_to_lt_25_usd,8.274265165240552846211256699,-9.078406834759447153788743301,loss,loss
4gT9rv1xGy3NsDJKpaE1nFvARSXBovRsVQuNEWBT11bN,Axiom 10,Axiom,GHPSby2g1XRgf5TRG3RPE8Z3ARDRn2SUfB6XeQBTbonk,456adzBvhr8ostXwqmMqvr72duTPt5JoQnB99eVLH12oDZ4HqPj1pbkYMhDH7AP2A65t5LBpu8qUrwLRqb187Zou,RzPqE8fy5o3em41YxguAYGk3omrfDqHAGoRQSHbSuzaavFntNAx12uE6viAFNoUqYKdZFqu4QaZqS4LYACFPJyA,2026-02-09T23:05:09+00:00,2026-02-09T23:14:03+00:00,2026-02-09,534,5m_to_lt_1h,32911.014728,17.61643825200000000000000000,10_to_lt_25_usd,9.021953021420000000000000000,-8.594485230580000000000000000,loss,loss
4gT9rv1xGy3NsDJKpaE1nFvARSXBovRsVQuNEWBT11bN,Axiom 10,Axiom,5y5EG74XyAQwBmYJsYp6Wt7tMqdEFRBa5xJTMNW4BAGS,57zxqFBZapz73t4K4RADq32spGsEsZcexrQrdRdCXp5pwZ1CUBYZViEdQqV4xTXm5iUhR6FaBkrdm3hk48VjM9sD,4q3maJCu5bEREci6VZTjB3ZJ3LJYdqgF4prf6yTjZxuQ9Ujf9Hs6cUHVWh8mRdjLf1PE2kBNh28xnwSGhxS2fkjT,2026-02-10T07:02:18+00:00,2026-02-10T07:04:43+00:00,2026-02-10,145,1m_to_lt_5m,287325.703210216,17.13534676560000000000000000,10_to_lt_25_usd,12.89685952513000000000000000,-4.23848724047000000000000000,loss,loss
4gT9rv1xGy3NsDJKpaE1nFvARSXBovRsVQuNEWBT11bN,Axiom 10,Axiom,5y5EG74XyAQwBmYJsYp6Wt7tMqdEFRBa5xJTMNW4BAGS,5JcegYTf3MLvduRFq1DADiAogKELa4JwBnDa8ti7SeRUSbhfaJhPyz94uY71SfpiMvmwQpEDzSJYZrTuAKjKhtra,2yPT3WRM1sZ2k5u4GmTXG2baUwmkUwgTzwBisTHrpiMCLibzk8ypZc2KmaR3rRtiGFRyXP3PAJh8jfC4rfjKYYip,2026-02-10T07:05:19+00:00,2026-02-10T07:39:48+00:00,2026-02-10,2069,5m_to_lt_1h,286839.391953281,17.00049600000000000000000000,10_to_lt_25_usd,15.93815110153000000000000000,-1.06234489847000000000000000,loss,loss
CcNvTgSzJpN1mUcpnidothDewazN56ZUaAPEZX4o8kPn,FOMO 2,FOMO,8Ak4jBMfwdBxvze3DgDcieEBZCP2xjNxrTCfggmkpump,MEgWrHiKzo1Jt4rDs7SwVo72pxQoyzZsdzPgD3YBDFTdc132qmQqF5NpoModygUaMz5n5orw7vpMx688WaVn8qB,3BTENsSr3TRf3X8dBS62mgnZas7tVpUvh5RFBGsWVqfKNuoZkp6RPfP3dNfoZcvVq8fHLQ5A9ZzBRYtaiLhNRxJf,2026-03-20T06:48:17+00:00,2026-03-20T14:41:21+00:00,2026-03-20,28384,1h_to_lt_24h,485591.417362,49.99999999999999999999999999,25_to_lt_100_usd,35.70264400000000000000000000,-14.29735599999999999999999999,loss,
CcNvTgSzJpN1mUcpnidothDewazN56ZUaAPEZX4o8kPn,FOMO 2,FOMO,4d7hkcY3MGAmYRi1vYNaDwi9C5Sfvdi4FqWCiLhtpump,drgfTqeGCN2gvfiFgUQez5SNeYq489pNgk52TrzHVtMFH7kgFgimueXYnERyreTysimhELNJTLPj4gN5dTQa2Tf,4G5sCsuKrVFMUGcm57VWLeAdmuKEjNrEDD29qAutToEanisM56M3rHaTqNKjrA7MEGVngSYjuQTgrScwzeXHepAV,2026-03-20T14:49:59+00:00,2026-03-20T17:48:27+00:00,2026-03-20,10708,1h_to_lt_24h,258353.487163,35.70264399999999999999999999,25_to_lt_100_usd,32.63852000000000000000000001,-3.06412399999999999999999998,loss,loss
CcNvTgSzJpN1mUcpnidothDewazN56ZUaAPEZX4o8kPn,FOMO 2,FOMO,EPjFWdd5AufqSSqeM2qN1xzybapC8G4wEGGkZwyTDt1v,37zU3QVYPU4mQAQ4MtbPm13BkSKQZXbkAsN8Fp2H3NqgghiAzgh66hwhBW2HbCcxxu9FW7Xa5tM6GUvtVEqD1xQF,39oaryTD2D25gXKDybwzTVWXhB4nPctBup9ZeALHUT3cNBhyWiwDgU6PZXtEahmfstt6iz5wsLT3tHDdDBg5qWdk,2026-03-21T10:13:58+00:00,2026-03-21T10:14:09+00:00,2026-03-21,11,lt_30s,15.818975,15.818975,10_to_lt_25_usd,15.818975,0.000000,flat,loss
CcNvTgSzJpN1mUcpnidothDewazN56ZUaAPEZX4o8kPn,FOMO 2,FOMO,EPjFWdd5AufqSSqeM2qN1xzybapC8G4wEGGkZwyTDt1v,4ZdHnkQTUtMB18dgTf4gXVy2xeSknKBVqF7vHVSi1ZeNKZaSpDAgPyQ59BbfTikrG5JgWeJWpYE1QoGnFMXb9ahy,zmnYTBvmyYvMcNid1CotkFDvtNy7oU23KpRALsuALQ81PxUdPx1ZeLuP7fjSUtAQTcF2ZyRvFWqEBegoSUoCHv9,2026-03-22T08:42:34+00:00,2026-03-22T08:42:52+00:00,2026-03-22,18,lt_30s,35.000000,35.000000,25_to_lt_100_usd,35.000000,0.000000,flat,
CcNvTgSzJpN1mUcpnidothDewazN56ZUaAPEZX4o8kPn,FOMO 2,FOMO,EPjFWdd5AufqSSqeM2qN1xzybapC8G4wEGGkZwyTDt1v,4ZdHnkQTUtMB18dgTf4gXVy2xeSknKBVqF7vHVSi1ZeNKZaSpDAgPyQ59BbfTikrG5JgWeJWpYE1QoGnFMXb9ahy,3jkv3BTdWjf1rk9QGHNbTbKoGwyUgaEbp9Gkin7wLkXEyDaLdKH7FbBApuc9m55YHWHLqcaWfv8K7YgB3mNMUJ5i,2026-03-22T08:42:34+00:00,2026-03-22T09:13:25+00:00,2026-03-22,1851,5m_to_lt_1h,15.549832,15.549832,10_to_lt_25_usd,15.549832,0.000000,flat,
CcNvTgSzJpN1mUcpnidothDewazN56ZUaAPEZX4o8kPn,FOMO 2,FOMO,EPjFWdd5AufqSSqeM2qN1xzybapC8G4wEGGkZwyTDt1v,4ZdHnkQTUtMB18dgTf4gXVy2xeSknKBVqF7vHVSi1ZeNKZaSpDAgPyQ59BbfTikrG5JgWeJWpYE1QoGnFMXb9ahy,2Ay2w18k4rpnZBeYKQgJsGAsdDUwqAbtU1nwXSuX1sgjsCmKGEdspzCaPEtuJDtzDZkDqcsoz86Y8KXdiJRKERfc,2026-03-22T08:42:34+00:00,2026-03-23T01:46:08+00:00,2026-03-23,61414,1h_to_lt_24h,15.000000,15.000000,10_to_lt_25_usd,15.000000,0.000000,flat,
CcNvTgSzJpN1mUcpnidothDewazN56ZUaAPEZX4o8kPn,FOMO 2,FOMO,EPjFWdd5AufqSSqeM2qN1xzybapC8G4wEGGkZwyTDt1v,56btRVJxPLQyJ4TZQigWajPsCqXgMPtM3NWZ3gazPyioggexoHKgU7UqiexKbN897SNNjrW5qYUANsCVNy4eDT4a,2Ay2w18k4rpnZBeYKQgJsGAsdDUwqAbtU1nwXSuX1sgjsCmKGEdspzCaPEtuJDtzDZkDqcsoz86Y8KXdiJRKERfc,2026-03-23T01:44:52+00:00,2026-03-23T01:46:08+00:00,2026-03-23,76,1m_to_lt_5m,35.000000,35.000000,25_to_lt_100_usd,35.000000,0.000000,flat,
CcNvTgSzJpN1mUcpnidothDewazN56ZUaAPEZX4o8kPn,FOMO 2,FOMO,EPjFWdd5AufqSSqeM2qN1xzybapC8G4wEGGkZwyTDt1v,56btRVJxPLQyJ4TZQigWajPsCqXgMPtM3NWZ3gazPyioggexoHKgU7UqiexKbN897SNNjrW5qYUANsCVNy4eDT4a,2gKDagJhkDRCx2PNphLxN1mraP6mE4TTBaKQUG7XXC3WjCLTeswZ7CCuC4zPoFcerngzVHFg8saicj7Ew4hbGeou,2026-03-23T01:44:52+00:00,2026-03-23T01:47:08+00:00,2026-03-23,136,1m_to_lt_5m,43.938841,43.938841,25_to_lt_100_usd,43.938841,0.000000,flat,
CcNvTgSzJpN1mUcpnidothDewazN56ZUaAPEZX4o8kPn,FOMO 2,FOMO,EPjFWdd5AufqSSqeM2qN1xzybapC8G4wEGGkZwyTDt1v,56btRVJxPLQyJ4TZQigWajPsCqXgMPtM3NWZ3gazPyioggexoHKgU7UqiexKbN897SNNjrW5qYUANsCVNy4eDT4a,3rFms147dzMEXsvxYkBjGStvHcPmBFDWtjP4A5yr7wm48cooAFBeaksKqwLHQKuXRBF5i68SM5Y7rKCm1jzthn6A,2026-03-23T01:44:52+00:00,2026-03-23T01:51:49+00:00,2026-03-23,417,5m_to_lt_1h,15.000000,15.000000,10_to_lt_25_usd,15.000000,0.000000,flat,
CcNvTgSzJpN1mUcpnidothDewazN56ZUaAPEZX4o8kPn,FOMO 2,FOMO,EPjFWdd5AufqSSqeM2qN1xzybapC8G4wEGGkZwyTDt1v,2B4SGi49D8upKyjNGWjkdXrEzCkZQFu7zoDcQaGFWR2yjf2P65KWrCQwWNeNnViVSvjWK97Gf7nZA4gVLT48ZWtR,3rFms147dzMEXsvxYkBjGStvHcPmBFDWtjP4A5yr7wm48cooAFBeaksKqwLHQKuXRBF5i68SM5Y7rKCm1jzthn6A,2026-03-23T01:51:39+00:00,2026-03-23T01:51:49+00:00,2026-03-23,10,lt_30s,24.702721,24.702721,10_to_lt_25_usd,24.702721,0.000000,flat,
CcNvTgSzJpN1mUcpnidothDewazN56ZUaAPEZX4o8kPn,FOMO 2,FOMO,EPjFWdd5AufqSSqeM2qN1xzybapC8G4wEGGkZwyTDt1v,2B4SGi49D8upKyjNGWjkdXrEzCkZQFu7zoDcQaGFWR2yjf2P65KWrCQwWNeNnViVSvjWK97Gf7nZA4gVLT48ZWtR,4fbtReuWphrCtN6Z4f2Jch7vw7Se83TEEPtNeEU9jxjbyJtuAKgEwCsb86XWeqdPVcf1iHv3rULqswHMiZbetDnU,2026-03-23T01:51:39+00:00,2026-03-23T20:54:28+00:00,2026-03-23,68569,1h_to_lt_24h,15.000000,15.000000,10_to_lt_25_usd,15.000000,0.000000,flat,
CcNvTgSzJpN1mUcpnidothDewazN56ZUaAPEZX4o8kPn,FOMO 2,FOMO,EPjFWdd5AufqSSqeM2qN1xzybapC8G4wEGGkZwyTDt1v,buyXUgSmPaHy3wrysfMqQB1PJBwxHYJSMJLvmU26TLHdty4rjY82TwV5dYx12rN9wFSkQgTFFqR7Q9L8JYg1fPk,4fbtReuWphrCtN6Z4f2Jch7vw7Se83TEEPtNeEU9jxjbyJtuAKgEwCsb86XWeqdPVcf1iHv3rULqswHMiZbetDnU,2026-03-23T08:31:21+00:00,2026-03-23T20:54:28+00:00,2026-03-23,44587,1h_to_lt_24h,12.630188,12.630188,10_to_lt_25_usd,12.630188,0.000000,flat,
CcNvTgSzJpN1mUcpnidothDewazN56ZUaAPEZX4o8kPn,FOMO 2,FOMO,EPjFWdd5AufqSSqeM2qN1xzybapC8G4wEGGkZwyTDt1v,buyXUgSmPaHy3wrysfMqQB1PJBwxHYJSMJLvmU26TLHdty4rjY82TwV5dYx12rN9wFSkQgTFFqR7Q9L8JYg1fPk,3rA5H9ffnxUg7ZapjSExSKS3JFPUkhyo7PWufHs6cmjPKbgMi4sPxXDk7Co87W9t2WF66vG2EsRhkB1XLhF7z1C7,2026-03-23T08:31:21+00:00,2026-03-24T03:28:11+00:00,2026-03-24,68210,1h_to_lt_24h,16.183087,16.183087,10_to_lt_25_usd,16.183087,0.000000,flat,
CcNvTgSzJpN1mUcpnidothDewazN56ZUaAPEZX4o8kPn,FOMO 2,FOMO,EPjFWdd5AufqSSqeM2qN1xzybapC8G4wEGGkZwyTDt1v,5a55yWQLDVN1zWUwBrPP59YBmn74r92VrEZ8zsCcJbcossmCsMLPBYE4JwyTx91eZqr1nbeDazDqQ9fmUBSBgkCX,3rA5H9ffnxUg7ZapjSExSKS3JFPUkhyo7PWufHs6cmjPKbgMi4sPxXDk7Co87W9t2WF66vG2EsRhkB1XLhF7z1C7,2026-03-23T19:38:25+00:00,2026-03-24T03:28:11+00:00,2026-03-24,28186,1h_to_lt_24h,13.816913,13.816913,10_to_lt_25_usd,13.816913,0.000000,flat,
CcNvTgSzJpN1mUcpnidothDewazN56ZUaAPEZX4o8kPn,FOMO 2,FOMO,EPjFWdd5AufqSSqeM2qN1xzybapC8G4wEGGkZwyTDt1v,4JoaaY7LmoHBAGZDQ3zZxJcvsyYPbCQLgPBssxx5S884z9CdGJNjFTnwbH4B8s1uafBmyfqdKCVHNPwBktAjedCm,3rA5H9ffnxUg7ZapjSExSKS3JFPUkhyo7PWufHs6cmjPKbgMi4sPxXDk7Co87W9t2WF66vG2EsRhkB1XLhF7z1C7,2026-03-24T01:10:48+00:00,2026-03-24T03:28:11+00:00,2026-03-24,8243,1h_to_lt_24h,4.488026,4.488026,1_to_lt_5_usd,4.488026,0.000000,flat,
CcNvTgSzJpN1mUcpnidothDewazN56ZUaAPEZX4o8kPn,FOMO 2,FOMO,EPjFWdd5AufqSSqeM2qN1xzybapC8G4wEGGkZwyTDt1v,yMFm3SfsAVbHtGp9c4hpDAbjEGThCvUHcy7XaP2DB4roafXLjRi7aFBGmrQQk11psuePxA4fwf7AH4upR1sJGaf,3rA5H9ffnxUg7ZapjSExSKS3JFPUkhyo7PWufHs6cmjPKbgMi4sPxXDk7Co87W9t2WF66vG2EsRhkB1XLhF7z1C7,2026-03-24T03:27:32+00:00,2026-03-24T03:28:11+00:00,2026-03-24,39,30s_to_lt_60s,23.411974,23.411974,10_to_lt_25_usd,23.411974,0.000000,flat,
3rv3sVUvkoLzCWpGGc6DSA9ZJDWBdjCQLB26jLeGchMY,Axiom 11,Axiom,7MokUEbY8YkSjkKUgXnBmjUQB67ADCKsG7BEimdBpump,5aAHEBbYK6uydMJajz7w2PoY9RyfkcugDxUyceg15q9czLJaSqPWzgefyss3o4u7BZTzAHy8dMJ3jJ16rPEh9shK,PeHjbnSBVMdy84Fac2PgdHgWos9VNa2xrjgsqudUvcgxywARqaMWjkycs6yVdmWF1wauQqjpveR2fkWQpU4Un63,2026-03-26T17:19:14+00:00,2026-03-26T17:27:32+00:00,2026-03-26,498,5m_to_lt_1h,756613.533762,26.32540584960000000000000000,25_to_lt_100_usd,14.76684331000000000000000000,-11.55856253960000000000000000,loss,
3rv3sVUvkoLzCWpGGc6DSA9ZJDWBdjCQLB26jLeGchMY,Axiom 11,Axiom,GQR6mBkGoQS4tV6eRtR3LWFz8PTWuMTr5K7V7x6Lpump,arGUASrLeGbgQr1i4vy7fwhQmG3eCZE3kfVA6RMMGN7ddbMa9AmYosuhTRFVmHScatCC7eXhg7ziyRbwnq4C9tz,3ppdu72GjHQghnRskYBKWz6hTVcrUDzMXEvfUbpLaCPnoDNNTu9yjH5Ugf3bRurGZTChK9WsaXViQYhMLnT6UNj9,2026-03-26T17:36:23+00:00,2026-03-26T17:40:18+00:00,2026-03-26,235,1m_to_lt_5m,683434.441807,26.39188414720000000000000000,25_to_lt_100_usd,19.23583144872000000000000000,-7.15605269848000000000000000,loss,loss
3rv3sVUvkoLzCWpGGc6DSA9ZJDWBdjCQLB26jLeGchMY,Axiom 11,Axiom,Hxrn87ryK5vhx4PSrTytV2UZDevCk7VRdJGD2Dpopump,pGDJvyUv148k9i4DeEUCuwYULaypgpCNe6uxrATjoGjmC7TGAQLbZ9nQq99gb7C9oFzsoZcbKM931PoPn68yiS9,434k61oP5cECjYjCVsAXb7vuuvuUEPBUU7K1HeCteQtdkECn75EdoRimppH5mgCG3EgsP9JCmRyQS9wrWGGa5v2H,2026-03-27T00:17:56+00:00,2026-03-27T00:20:47+00:00,2026-03-27,171,1m_to_lt_5m,320704.788895,26.17734055040000000000000000,25_to_lt_100_usd,15.51374257264984460112820130,-10.66359797775015539887179870,loss,loss
3rv3sVUvkoLzCWpGGc6DSA9ZJDWBdjCQLB26jLeGchMY,Axiom 11,Axiom,Hxrn87ryK5vhx4PSrTytV2UZDevCk7VRdJGD2Dpopump,msGoHtsDaoqdBcbmqg7iZbbiVHh2ns6Zp1xuTmvi8CXk5MK6xienUA2jPZtjzb6cHr2bH2LoWS7vbu1LUX5ATjv,434k61oP5cECjYjCVsAXb7vuuvuUEPBUU7K1HeCteQtdkECn75EdoRimppH5mgCG3EgsP9JCmRyQS9wrWGGa5v2H,2026-03-27T00:18:40+00:00,2026-03-27T00:20:47+00:00,2026-03-27,127,1m_to_lt_5m,365427.190159,26.01566900000000000000000000,25_to_lt_100_usd,17.67713970442015539887179870,-8.33852929557984460112820130,loss,loss
3rv3sVUvkoLzCWpGGc6DSA9ZJDWBdjCQLB26jLeGchMY,Axiom 11,Axiom,CMHnDJSb9Q3rGd629Bw7uwVFjrXUkB2d7NcBU8G3pump,5Rmv7HBJZNivAUvaNGWxGpNrqpBvkou4xdg7vz1MhhB6P3RW4uaAgmhb7rcjrnnJnjYVk4RdEMkKhw5PmZUKKr6m,27qgV4fq37D6BJDn7nUHzNMN3YLg5skwzXVzJGNcwJJ4eDKit64HmHRV4TZ8Z3GHkSfyujWiKE22WVf3FvpJ2s67,2026-03-27T00:23:12+00:00,2026-03-27T01:13:25+00:00,2026-03-27,3013,5m_to_lt_1h,194450.952395,26.09877528959999999999999999,25_to_lt_100_usd,23.49677821218047530410840523,-2.60199707741952469589159476,loss,loss
3rv3sVUvkoLzCWpGGc6DSA9ZJDWBdjCQLB26jLeGchMY,Axiom 11,Axiom,CMHnDJSb9Q3rGd629Bw7uwVFjrXUkB2d7NcBU8G3pump,4S1h2Pa4GJxEgosNpotjjh9JXvfoCF6rjhXUS6nezaMhQ26RkEr4PzyFa3zhY7wHfet3Rinux3LuRBhsm9jhPEux,27qgV4fq37D6BJDn7nUHzNMN3YLg5skwzXVzJGNcwJJ4eDKit64HmHRV4TZ8Z3GHkSfyujWiKE22WVf3FvpJ2s67,2026-03-27T00:23:13+00:00,2026-03-27T01:13:25+00:00,2026-03-27,3012,5m_to_lt_1h,193812.937621,25.91963700000000000000000000,25_to_lt_100_usd,23.41968272122952469589159477,-2.49995427877047530410840523,loss,loss
3rv3sVUvkoLzCWpGGc6DSA9ZJDWBdjCQLB26jLeGchMY,Axiom 11,Axiom,76hap4pCzcAzJmxAxHJbckzYKkN1rj67xW1ws8n5pump,5Zmzsy6gKj47ayZXHcYHoYJH5moQ2KC18iqowCYmXCDhk6vEdMZnmxwwhXXv81jLuHKnRRa7nj1iLNrx3JiTF2vw,PNM9ppxR2eeR6GGqLGL3Ci2zTH1Pk3HYN5TYgWj3mjFJCAJXH6G7kcTMQbsU3e68nesMaSaKeJEsqCE5iWBpoQ5,2026-03-27T01:13:33+00:00,2026-03-27T02:36:24+00:00,2026-03-27,4971,1h_to_lt_24h,205516.120691,26.17734055039999999999999999,25_to_lt_100_usd,24.21669959085676625625468684,-1.96064095954323374374531315,loss,loss
3rv3sVUvkoLzCWpGGc6DSA9ZJDWBdjCQLB26jLeGchMY,Axiom 11,Axiom,76hap4pCzcAzJmxAxHJbckzYKkN1rj67xW1ws8n5pump,2kFrJALyrwU6mh7j3cV356CcQQCnNZqDZuUnSHDFdGc3sp1pF3rP7M1RLLmNLRgfiGkZVmftECtJWR8o752Svbu7,PNM9ppxR2eeR6GGqLGL3Ci2zTH1Pk3HYN5TYgWj3mjFJCAJXH6G7kcTMQbsU3e68nesMaSaKeJEsqCE5iWBpoQ5,2026-03-27T01:13:36+00:00,2026-03-27T02:36:24+00:00,2026-03-27,4968,1h_to_lt_24h,68316.970293,8.671663000000000000000000000,5_to_lt_10_usd,8.050032965688989143311506505,-0.621630034311010856688493495,loss,loss
3rv3sVUvkoLzCWpGGc6DSA9ZJDWBdjCQLB26jLeGchMY,Axiom 11,Axiom,76hap4pCzcAzJmxAxHJbckzYKkN1rj67xW1ws8n5pump,5pov4znoUrZoLWBJX1tuN119KpRkesMwiub5dbjwvs8MDfFVD1ZvWLEaKc4acyUp5w43kTBN3KBYLcKh1P7BQRn6,PNM9ppxR2eeR6GGqLGL3Ci2zTH1Pk3HYN5TYgWj3mjFJCAJXH6G7kcTMQbsU3e68nesMaSaKeJEsqCE5iWBpoQ5,2026-03-27T01:13:36+00:00,2026-03-27T02:36:24+00:00,2026-03-27,4968,1h_to_lt_24h,68244.841364,8.671663000000000000000000002,5_to_lt_10_usd,8.041533755994244600433806639,-0.630129244005755399566193363,loss,loss
3rv3sVUvkoLzCWpGGc6DSA9ZJDWBdjCQLB26jLeGchMY,Axiom 11,Axiom,8sbrrb2Zitcut6LbTRd2i51MUo5CuRmGxSGqaeJibQXB,4haha9MgWVJ6NpXoNZxqb4ejYHviX8yAcv7xkbVJA49T37srcUmoXVXxF4np2SYXYHWfVepEGS6XdtrRagDcopUh,5QX2WNnTYZacS7MdtZcGwXjiMWAq68UMWqv1VkDVdsftyPZ7aektUQbgptZbFx6V6z2hRbP39wyPDRshSZMyDLNv,2026-03-27T02:36:30+00:00,2026-03-27T02:39:11+00:00,2026-03-27,161,1m_to_lt_5m,1011020.908855,26.21057969920000000000000000,25_to_lt_100_usd,18.90963969554906300852864487,-7.30094000365093699147135513,loss,loss
3rv3sVUvkoLzCWpGGc6DSA9ZJDWBdjCQLB26jLeGchMY,Axiom 11,Axiom,8sbrrb2Zitcut6LbTRd2i51MUo5CuRmGxSGqaeJibQXB,28yzBsaXoVtbcrc6jDkuoF83DEuhWEghtqkxDgbGpcvK2CwNnuJNfYP98JAoq2ruuJLkd72HRgzdKJVDjaJM9KPi,5QX2WNnTYZacS7MdtZcGwXjiMWAq68UMWqv1VkDVdsftyPZ7aektUQbgptZbFx6V6z2hRbP39wyPDRshSZMyDLNv,2026-03-27T02:36:31+00:00,2026-03-27T02:39:11+00:00,2026-03-27,160,1m_to_lt_5m,335184.880926,8.682674000000000000000000000,5_to_lt_10_usd,6.269133777741880484172180285,-2.413540222258119515827819715,loss,loss
3rv3sVUvkoLzCWpGGc6DSA9ZJDWBdjCQLB26jLeGchMY,Axiom 11,Axiom,8sbrrb2Zitcut6LbTRd2i51MUo5CuRmGxSGqaeJibQXB,3s6CzWEzgw6T4GgVixQMwcF5GGsxwtbcMeTMy2j7LXQ3hfENd5Fya58o2EEExRgH1F7jHXNWd2MuefdrkgJNJUZd,5QX2WNnTYZacS7MdtZcGwXjiMWAq68UMWqv1VkDVdsftyPZ7aektUQbgptZbFx6V6z2hRbP39wyPDRshSZMyDLNv,2026-03-27T02:36:38+00:00,2026-03-27T02:39:11+00:00,2026-03-27,153,1m_to_lt_5m,309687.220863,8.682674000000000000000000001,5_to_lt_10_usd,5.792238037359056507299174849,-2.890435962640943492700825152,loss,loss
3rv3sVUvkoLzCWpGGc6DSA9ZJDWBdjCQLB26jLeGchMY,Axiom 11,Axiom,FM7cEUqXbkV2dbUyENA82xMkduUkY1gpbJeMVPhhpump,2QtVLNL7wAt18HEe2Qy9kb5iNpqYxUi5GhSkjH4L6NcUjA1Mob1tKZN8nSfErPYDr13s7TTNnMpYM4Hi2S5axrnJ,2c9Sq7aWZBpwm5d69H7RqaCwftgWKS2ujX2K9ZicyYFyzmziFF8tm5DW49eiEpVPXm1JysupbevoFono6Dk2XBsn,2026-03-27T02:40:42+00:00,2026-03-27T02:42:00+00:00,2026-03-27,78,1m_to_lt_5m,359521.744736,26.18338403200000000000000000,25_to_lt_100_usd,11.12095916484000000000000000,-15.06242486716000000000000000,loss,loss
3rv3sVUvkoLzCWpGGc6DSA9ZJDWBdjCQLB26jLeGchMY,Axiom 11,Axiom,Csdoc8vo3ryZ9tSiXxWYsZRTKCMmywG5pR8SC47Hab6B,5TqVNB3YnxXxVp6WTEVd7HjNfK2f4ZSs9ytsoBAwDws1oyuc9XwGcAYyDKhnbMfuj4d89vrPfozp1deF9Qtb8Yd,2QfhZ2cDEpECjfS7fyTVPoxcbehBe2LSxWjyFnnq63cuQijL9AFP5HbHyXYVQWufJ1UQvDpeUDfjaaYoXAJrtBpD,2026-03-27T02:51:59+00:00,2026-03-27T03:08:13+00:00,2026-03-27,974,5m_to_lt_1h,117425.909751,8.855427513600000000000000001,5_to_lt_10_usd,3.167921785747246507387722112,-5.687505727852753492612277889,loss,loss
3rv3sVUvkoLzCWpGGc6DSA9ZJDWBdjCQLB26jLeGchMY,Axiom 11,Axiom,Csdoc8vo3ryZ9tSiXxWYsZRTKCMmywG5pR8SC47Hab6B,3QEr5HwGxNPuv6uzPj3squo2KKphXgJS9Tmmb6L4aP7t2SSMhKLL4EH1pVkFFY5UP5BE8rsBoQaChTkwnge4Jrbq,2QfhZ2cDEpECjfS7fyTVPoxcbehBe2LSxWjyFnnq63cuQijL9AFP5HbHyXYVQWufJ1UQvDpeUDfjaaYoXAJrtBpD,2026-03-27T02:52:01+00:00,2026-03-27T03:08:13+00:00,2026-03-27,972,5m_to_lt_1h,115367.235697,8.677669000000000000000000000,5_to_lt_10_usd,3.112382779072753492612277889,-5.565286220927246507387722111,loss,loss
3rv3sVUvkoLzCWpGGc6DSA9ZJDWBdjCQLB26jLeGchMY,Axiom 11,Axiom,H4kk15sy2BwEKHT7yWjTKj1r8Dc6V3WuaN8PV6ZXpump,2jgYAFYAXvZpLb5FnEciZRt4nA97F6J5sbWsgFSQvCKQMk4xSLL5iYpZctzD5Hta5CzmEyqZabn2wK5oWB6zGoGh,rCq9FfDJbqHsXmA9wf8oXNW32kxTwe1nSWvN4AzpLozq1aq65kspAbey2CzGpQzdsJpAUk3bruSoQrRg6pgZaDV,2026-03-27T03:22:44+00:00,2026-03-27T18:36:17+00:00,2026-03-27,54813,1h_to_lt_24h,194238.150902,8.836014438400000000000000000,5_to_lt_10_usd,0.8762929142100000000000000001,-7.959721524190000000000000000,loss,loss
